id,fwr,szi,bp,bt,rbp,fh,drw,lyrs
1,1,16,6,40,6.02,0,n,cs:3_cs:0.5_pvc:0.8
2,1,24,6,40,6.02,0,n,cs:3_cs:0.5_pvc:0.8
3,1,24,6,40,6.02,0,n,cs:3_cs:0.5_pvc:0.8
4,1,24,6,40,6.1,0,n,s316L:2_s316L:0.5_tef:0.5
5,1,24,6,40,5.98,0,n,s316L:2_s316L:0.5_tef:0.5
6,1,24,6,40,6,0,n,s316L:2_s316L:0.5_tef:0.5
7,1,3,2,22,1.73,0,n,s316L:0.2_s316L:0.2_tef:0.1
8,1,3,2,22,1.83,0,n,s316L:0.2_s316L:0.3_tef:0.1
9,1,3,2,22,1.95,0,n,s316L:0.2_s316L:0.4_tef:0.1
10,1,30,0.3,120,0.321,0,n,s316L:0.6_s316L:0.3_ptfe:0.6
11,1,30,0.3,120,0.265,0,n,s316L:0.6_s316L:0.3_ptfe:0.6
12,1,6,5.5,20,4,0,n,s316L:0.6_s316L:0.5_tef:0.6
13,1,6,5.5,20,3.79,0,n,s316L:0.6_s316L:0.25_tef:0.6
14,1,6,5.5,20,5.85,0,n,s316L:0.6_s316L:0.3_tef:0.6
15,1,6,5.5,20,5.81,0,n,s316L:0.6_s316L:0.2_tef:0.6
16,1,6,5.5,20,5.6,0,n,s316L:0.6_s316L:0.2_tef:0.6
17,1,6,5.5,20,5.92,0,n,s316L:0.6_s316L:0.2_tef:0.6
18,1,6,5.5,20,5.94,0,n,s316L:0.6_s316L:0.2_tef:0.6
19,1,4,0.9,60,0.57,0,n,s316L:0.1_s316L:0.2_s316L:0.1_ptfe:0.3
20,1,4,0.9,60,1.03,0,n,s316L:0.1_s316L:0.25_s316L:0.1_ptfe:0.3
21,1,4,0.9,60,0.76,0,n,s316L:1_s316L:0.1_s316L:0.1_ptfe:0.3
22,1,24,6,40,5.54,0,n,s316L:2.5_s316L:0.8_ptfe:0.5
23,1,24,6,40,5.3,0,n,s316L:2.5_s316L:0.8_ptfe:0.5
24,1,24,6,40,6.24,0,n,s316L:2.5_s316L:0.8_ptfe:0.5
25,1,24,6,40,6.26,0,n,s316L:2.5_s316L:0.8_ptfe:0.5
26,1,12,0.175,57,0.163,0,n,s316L:0.3_s316L:0.3_fep:0.2
27,1,12,0.175,57,0.216,0,n,s316L:0.3_s316L:0.3_fep:0.1
28,1,12,0.175,57,0.14,0,n,s316L:0.3_s316L:0.3_fep:0.1
29,1,12,0.175,57,0.184,0,n,s316L:0.3_s316L:0.3_fep:0.1
30,1,16,0.49,106,0.56,0,n,s316L:0.4_s316L:0.4_ptfe:0.3
31,1,16,0.49,106,0.531,0,n,s316L:0.4_s316L:0.4_ptfe:0.3
32,1,16,1.08,22,0.49,0,n,s316:0.3_aluminium:0.3_ptfe:1
33,1,16,1.08,22,1.26,0,n,s316:0.3_aluminium:0.3_ptfe:1
34,1,16,1.08,22,1.043,0,n,s316:0.3_aluminium:0.3_ptfe:1
35,1,16,1.08,22,0.81,0,n,s316:0.3_aluminium:0.3_ptfe:1
36,1,16,1.08,22,0.925,0,n,s316:0.3_aluminium:0.3_ptfe:1
37,1,16,1.08,22,0.984,0,n,s316:0.3_aluminium:0.3_ptfe:1
38,1,8,6,40,4.59,0,n,cs:1_cs:0.8_pvc:0.5
39,1,8,6,40,6.58,0,n,cs:1_cs:0.8_pvc:0.5
40,1,8,6,40,6.41,0,n,cs:1_cs:0.8_pvc:0.5
41,1,8,6,40,5.73,0,n,cs:1_cs:0.8_pvc:0.5
42,1,16,6,40,4,0,n,cs:1.5_cs:0.8_pvc:0.5
43,1,16,6,40,6.19,0,n,cs:1.5_cs:0.8_pvc:0.5
44,1,16,6,40,5.93,0,n,cs:1.5_cs:0.8_pvc:0.5
45,1,16,6,40,5.63,0,n,cs:1.5_cs:0.8_pvc:0.5
46,1,24,6,40,4.85,0,n,cs:3_cs:0.8_pvc:0.5
47,1,24,6,40,6.13,0,n,cs:3_cs:0.8_pvc:0.5
48,1,24,6,40,6.3,0,n,cs:3_cs:0.8_pvc:0.5
49,1,24,6,40,6.09,0,n,cs:3_cs:0.8_pvc:0.5
50,1,6,2.5,22,2.45,0,n,s316:0.5_s316:0.5_tef:0.3
51,1,4,0.48,188,1.193,0,n,s316:0.3_s316:0.5_ptfe:0.25
52,1,4,0.48,188,0.68,0,n,s316:0.3_s316:0.5_ptfe:0.25
53,1,4,0.48,188,0.459,0,n,s316:0.3_s316:0.5_ptfe:0.25
54,1,4,0.48,188,0.62,0,n,s316:0.3_s316:0.5_ptfe:0.25
55,1,4,0.48,188,0.7,0,n,s316:0.3_s316:0.5_ptfe:0.3
56,1,4,0.48,188,0.6,0,n,s316:0.3_s316:0.5_ptfe:0.2
57,1,4,0.48,188,10.76,0,n,s316:1_s316:0.5_ptfe:0.5
58,1,4,0.48,188,1.43,0,n,s316:0.3_s316:0.5_ptfe:0.25
59,1,4,0.48,188,0.92,0,n,s316:0.3_s316:0.5_ptfe:0.25
60,1,4,0.48,188,1.45,0,n,s316:0.2_s316:0.5_ptfe:0.2
61,1,4,0.48,188,0.8,0,n,s316:0.1_s316:0.5_ptfe:0.1
62,1,4,0.48,188,0.7,0,n,s316:0.1_s316:0.1_ptfe:0.2
63,1,24,5,40,7.44,0,n,s316:2_s316:0.5_fep:0.5
64,1,14,1.1,70,2.27,0,n,s316:0.8_s316:0.4_ptfe:0.3
65,1,14,1.1,70,0.89,0,n,s316:0.8_s316:0.4_ptfe:0.3
66,1,14,1.1,70,1.25,0,n,s316:0.8_s316:0.4_ptfe:0.3
67,1,14,1.1,70,1.14,0,n,s316:0.8_s316:0.4_ptfe:0.3
68,1,24,3.25,35,3.45,0,n,s316:1.5_s316:0.2_ptfe:0.5
69,1,24,3.25,35,3.45,0,n,s316:1.5_s316:0.2_ptfe:0.5
70,1,24,3.25,35,3.45,0,n,s316:1.5_s316:0.5_ptfe:0.5
71,1,24,3.25,35,3.15,0,n,s316:1.5_s316:0.5_ptfe:0.5
72,1,24,6,40,4.45,0,n,s316:2.5_s316:0.6_ptfe:0.5
73,1,4,2,55,6.15,0,n,s316L:0.3_s316L:0.3_ptfe:0.25
74,1,4,2,55,1.89,0,n,s316L:0.3_s316L:0.3_ptfe:0.25
75,1,24,4,50,4.15,0,n,s316L:2_s316L:0.6_ptfe:0.5
76,1,24,5,50,6.3,0,n,s316L:2_s316L:0.6_ptfe:0.5
77,1,24,5,50,5.23,0,n,s316L:2_s316L:0.6_ptfe:0.5
78,1,6,0.4,100,0.137,0,n,s316:0.2_s316:0.2_ptfe:0.1
79,1,6,0.4,100,0.3,0,n,s316:0.2_s316:0.2_ptfe:0.1
80,1,6,0.4,100,0.575,0,n,s316:0.2_s316:0.2_ptfe:0.1
81,1,6,0.4,100,0.5,0,n,s316:0.2_s316:0.2_ptfe:0.1
82,1,6,0.4,100,0.34,0,n,s316:0.2_s316:0.2_ptfe:0.1
83,1,6,0.4,100,0.38,0,n,s316:0.2_s316:0.2_ptfe:0.1
84,1,6,0.4,100,0.52,0,n,s316:0.2_s316:0.2_ptfe:0.1
85,1,6,0.4,100,0.55,0,n,s316:0.2_s316:0.2_ptfe:0.1
86,1,6,0.4,100,0.55,0,n,s316:0.2_s316:0.2_ptfe:0.1
87,1,16,2,160,1.83,0,n,s316:1_s316:1_ptfe:0.5
88,1,16,2,160,1.91,0,n,s316:1_s316:1_ptfe:0.5
89,1,10,2,160,2.08,0,n,s316:0.6_s316:0.6_ptfe:0.5
90,1,16,6,40,5.97,0,n,s316:1.5_s316:0.5_ptfe:0.5
91,1,16,6,40,5.16,0,n,s316:1.5_s316:0.5_ptfe:0.5
92,1,16,6,40,8.93,0,n,s316:1.5_s316:0.5_ptfe:0.5
93,1,24,6,40,6.05,0,n,s316:3_s316:1_ptfe:0.5
94,1,24,6,40,6.04,0,n,s316:3_s316:1_ptfe:0.5
95,1,24,6,40,5.24,0,n,s316:3_s316:1_ptfe:0.5
96,1,8,2,22,2.15,0,n,s316:0.5_s316:0.5_ptfe:0.3
97,1,8,2,22,2.45,0,n,s316:0.5_s316:0.5_ptfe:0.3
98,1,8,2,22,2.19,0,n,s316:0.5_s316:0.5_ptfe:0.3
99,1,3,7.5,48,7.21,0,n,s316:0.6_inconel:0.42_ptfe:0.25
100,1,3,7.5,48,6.5,0,n,s316:0.6_inconel:0.42_ptfe:0.25
101,1,3,7.5,48,12,0,n,s316:0.6_inconel:0.42_ptfe:0.25
102,1,6,7.5,70,6.52,0,n,s316:1_inconel:0.8_ptfe:0.3
103,1,6,7.5,70,5.61,0,n,s316:1_inconel:0.8_ptfe:0.3
104,1,1,5,22,8.1,0,n,s316:0.1_s316:0.1_ptfe:0.1
105,1,1,5,22,4.66,0,n,s316:0.1_s316:0.1_ptfe:0.1
106,1,1,5,22,5.47,0,n,s316:0.1_s316:0.1_ptfe:0.1
107,1,1,5,22,5.08,0,n,s316:0.1_s316:0.1_ptfe:0.1
108,1,1,5,22,4.97,0,n,s316:0.1_s316:0.1_ptfe:0.1
109,1,36,1,75,0.8,0,n,s316:1_s316:1_tef:0.5_tef:0.5_s316:3
110,1,36,0.715,35,6.3,0,n,s316:1_s316:1_tef:0.5_tef:0.5_s316:3
111,1,36,0.715,35,6.65,0,n,s316:1_s316:1_tef:0.5_tef:0.5_s316:3
112,1,36,0.715,35,7.01,0,n,s316:1_s316:1_tef:0.5_tef:0.5_s316:3
113,1,36,0.715,35,8.2,0,n,s316:1_s316:1_tef:0.5_tef:0.5_s316:3
114,1,16,3,35,4.1,0,n,s316:1_s316:0.5_tef:0.5_tef:0.5_s316:0.5
115,1,16,3,35,2.72,0,n,s316:1_s316:0.5_tef:0.5_tef:0.5_s316:0.5
116,1,16,3,35,3.33,0,n,s316:1_s316:0.5_tef:0.5_tef:0.5_s316:0.5
117,1,16,3,35,4.4,0,n,s316:1_s316:0.5_tef:0.5_tef:0.5_s316:0.5
118,1,16,3,35,2.57,0,n,s316:1_s316:0.5_tef:0.5_tef:0.5_s316:0.5
119,1,16,3,35,3.21,0,n,s316:1_s316:0.5_tef:0.5_tef:0.5_s316:0.5
120,1,16,3,35,3.18,0,n,s316:1_s316:0.5_tef:0.5_tef:0.5_s316:0.5
121,1,24,3.3,35,3.16,0,n,s316:0.5_s316:1.5_tef:0.5
122,1,24,3.3,35,2.98,0,n,s316:0.5_s316:1.5_tef:0.5
123,1,24,3.3,35,3.37,0,n,s316:0.5_s316:1.5_tef:0.5
124,1,8,3.21,35,2.59,0,n,s316:0.5_s316:0.5_tef:0.5
125,1,8,3.2,35,3.7,0,n,s316:0.5_s316:0.5_tef:0.5
126,1,8,3.3,35,3.9,0,n,s316:0.5_s316:0.5_tef:0.5
127,1,8,3.2,35,2.81,0,n,s316:0.5_s316:0.5_tef:0.5
128,1,8,3.2,35,3.4,0,n,s316:0.5_s316:0.5_tef:0.5
129,1,16,3.5,35,3.28,0,n,s316:0.5_s316:1_tef:0.5
130,1,16,3,35,3.3,0,n,s316:0.5_s316:1_tef:0.5
131,1,16,3.5,35,3.52,0,n,s316:0.5_s316:1_tef:0.5
132,1,16,3,35,3.31,0,n,s316:0.5_s316:1_tef:0.5
133,1,24,3.5,35,3.1,0,n,s316:0.5_s316:1.5_tef:0.5
134,1,24,3,35,3.25,0,n,s316:0.5_s316:1.5_tef:0.5
135,1,24,3.5,35,2.1,0,n,s316:0.5_s316:1.5_tef:0.5
136,1,1,3.5,25,3.7,0,n,s316:0.1_s316:0.1_s316:0.5_tef:0.1
137,1,1,3.5,25,3.8,0,n,s316:0.1_s316:0.1_s316:0.5_tef:0.1
138,1,1,3.5,25,3.1,0,n,s316:0.1_s316:0.1_s316:0.5_tef:0.1
139,1,1,3.5,25,3.05,0,n,s316:0.1_s316:0.1_s316:0.5_tef:0.1
140,1,1,3.5,25,2.85,0,n,s316:0.1_s316:0.1_s316:0.5_tef:0.1
141,1,1,3.5,25,4.2,0,n,s316:0.1_s316:0.1_s316:0.5_tef:0.1
142,1,1,3.5,25,3.65,0,n,s316:0.1_s316:0.1_s316:0.5_tef:0.1
143,1,1,3.5,25,3.25,0,n,s316:0.1_s316:0.1_s316:0.5_tef:0.1
144,1,8,0.2,125,9.9,0,n,s316L:0.1_s316L:0.1_s316:0.5_tef:0.1
145,1,8,0.2,125,12.9,0,n,s316L:0.1_s316L:0.1_s316:0.5_tef:0.1
146,1,8,0.2,125,12.6,0,n,s316L:0.1_s316L:0.1_s316:0.5_tef:0.1
147,1,8,0.2,125,16,0,n,s316L:0.1_s316L:0.1_s316:0.5_tef:0.1
148,1,8,0.2,125,15.55,0,n,s316L:0.1_s316L:0.1_s316:0.5_tef:0.1
149,1,8,0.2,125,11.43,0,n,s316L:0.1_s316L:0.1_s316:0.5_tef:0.1
150,1,8,0.2,125,,0,n,s316L:0.1_s316L:0.1_s316:0.5_tef:0.1
151,1,24,3,22,3.4,0,n,s316:2_s316:0.5_tef:0.5
152,1,24,3,22,3.3,0,n,s316:2_s316:0.5_tef:0.5
153,1,24,3,22,1.3,0,n,s316:2_s316:0.5_tef:0.5
154,1,24,4,22,4.3,0,n,s316:2_s316:0.5_tef:1.5
155,1,24,4,22,4.4,0,n,s316:2_s316:0.5_tef:1.5
156,1,24,4,22,3.97,0,n,s316:2_s316:0.5_tef:1.5
157,1,24,4,22,1.4,0,n,s316:2_s316:0.5_tef:1.5
158,1,24,4,22,2.14,0,n,s316:2_s316:0.5_tef:1.5
159,1,24,4,22,1.31,0,n,s316:2_s316:0.5_tef:1.5
160,1,24,5,22,4.75,0,n,s316:2_s316:0.5_tef:1.5
161,1,24,5,22,1.43,0,n,s316:2_s316:0.5_tef:1.5
162,1,24,6,22,2.54,0,n,s316:3_s316:0.5_tef:0.5
163,1,24,6,22,2.08,0,n,s316:3_s316:0.5_tef:0.5
164,1,24,6,22,2.23,0,n,s316:3_s316:0.5_tef:0.5
165,1,24,6,22,2.3,0,n,s316:3_s316:0.5_tef:0.5
166,1,24,6,22,2.28,0,n,s316:3_s316:0.5_tef:0.5
167,1,24,6,22,5.5,0,n,s316:3_s316:0.5_tef:0.5
168,1,24,6,22,6.17,0,n,s316:3_s316:0.5_tef:0.5
169,1,24,6,22,2.27,0,n,s316:3_s316:0.5_tef:0.5
170,1,2,0.5,25,0.81,0,n,s316:0.1_s316:0.1_plastic:0.05
171,1,2,0.5,25,0.98,0,n,s316:0.1_s316:0.1_plastic:0.05
172,1,2,0.5,25,1.1,0,n,s316:0.1_s316:0.1_plastic:0.05
173,1,2,0.5,25,1.2,0,n,s316:0.1_s316:0.1_plastic:0.05
174,1,2,0.5,25,0.6,0,n,s316:0.1_s316:0.1_plastic:0.05
175,1,2,0.5,25,0.68,0,n,s316:0.1_s316:0.1_plastic:0.05
176,1,2,0.5,25,1.42,0,n,s316:0.1_s316:0.1_plastic:0.05
177,1,2,0.5,25,0.54,0,n,s316:0.1_s316:0.1_plastic:0.05
178,1,2,0.5,25,0.46,0,n,s316:0.1_s316:0.1_plastic:0.05
179,1,2,0.5,25,0.39,0,n,s316:0.1_s316:0.1_plastic:0.05
180,1,2,0.5,25,0.44,0,n,s316:0.1_s316:0.1_plastic:0.05
181,1,2,0.5,25,0.6,0,n,s316:0.1_s316:0.1_plastic:0.05
182,1,2,0.5,25,0.65,0,n,s316:0.1_s316:0.1_plastic:0.05
183,1,2,0.5,25,0.62,0,n,s316:0.1_s316:0.1_plastic:0.05
184,1,2,0.5,25,0.35,0,n,s316:0.1_s316:0.1_plastic:0.05
185,1,2,0.5,25,0.47,0,n,s316:0.1_s316:0.1_plastic:0.05
186,1,2,0.5,25,0.39,0,n,s316:0.1_s316:0.1_plastic:0.05
187,1,2,0.5,25,0.54,0,n,s316:0.1_s316:0.1_plastic:0.05
188,1,2,0.5,25,0.54,0,n,s316:0.1_s316:0.1_plastic:0.05
189,1,2,0.5,25,0.52,0,n,s316:0.1_s316:0.1_plastic:0.05
190,1,2,0.5,25,0.55,0,n,s316:0.1_s316:0.1_plastic:0.05
191,1,2,0.5,25,0.15,0,n,s316:0.1_s316:0.1_plastic:0.05
192,1,2,0.5,25,0.47,0,n,s316:0.1_s316:0.1_plastic:0.05
193,1,2,0.5,25,0.48,0,n,s316:0.1_s316:0.1_plastic:0.05
194,1,2,0.5,25,0.51,0,n,s316:0.1_s316:0.1_plastic:0.05
195,1,2,0.5,25,0.67,0,n,s316:0.1_s316:0.1_plastic:0.05
196,1,6,7.5,77,9.62,0,n,s316:0.5_s316:0.5_tef:0.2
197,1,6,7.5,77,9.65,0,n,s316:0.5_s316:0.5_tef:0.2
198,1,6,7.5,77,7.92,0,n,s316:0.5_s316:0.5_tef:0.2
199,1,6,7.5,77,7.83,0,n,s316:0.5_s316:0.5_tef:0.2
200,1,6,7.5,77,5.36,0,n,s316:0.5_s316:0.5_tef:0.2
201,1,6,7.5,77,5.41,0,n,s316:0.5_s316:0.5_tef:0.2
202,1,6,7.5,77,5.48,0,n,s316:0.5_s316:0.5_tef:0.2
203,1,6,7.5,77,5.56,0,n,s316:0.5_s316:0.5_tef:0.2
204,1,6,7.5,77,5.75,0,n,s316:0.5_s316:0.5_tef:0.2
205,1,6,7.5,77,6.05,0,n,s316:0.5_s316:0.5_tef:0.2
206,1,6,7.5,77,4.83,0,n,s316:0.5_s316:0.5_tef:0.2
207,1,6,7.5,77,4.63,0,n,s316:0.5_s316:0.5_tef:0.2
208,1,6,7.5,77,5.24,0,n,s316:0.5_s316:0.5_tef:0.2
209,1,6,7.5,77,5.26,0,n,s316:0.5_s316:0.5_tef:0.2
210,2,3,8.03,20,9.8,0,n,S316:0.4_nickel:0.25_tef:0.3
211,2,3,8.03,20,8.45,0,n,S316:0.05_nickel:0.25_tef:0.4
212,2,3,8.03,20,7.65,0,n,S316:0.05_nickel:0.25_tef:0.2
213,2,3,8.03,20,7.3,0,n,S316:0.05_nickel:0.25_tef:0.3
214,2,4,27.7,325,31,0,n,inconel:1_s316L:0.05_tef:0.3
215,2,4,29.1,20,31.76,0,n,inconel:1_s316L:0.05_tef:0.05
216,2,4,27.7,325,30.41,0,n,inconel:1_s316L:0.05_tef:0.2
217,2,4,29.1,20,29.98,0,n,inconel:1_s316L:0.05_tef:0.2
218,2,3,4.6,60,4.5,0,n,s316L:0.2_s316L:0.1_tef:0.3
219,2,3,4.6,60,2.81,0,n,s316L:0.2_s316L:0.1_tef:0.4
220,2,3,4.6,60,4.53,0,n,s316L:0.2_s316L:0.1_tef:0.2
221,2,3,4.6,60,29.98,0,n,s316L:0.3_s316L:0.1_tef:0.3
222,2,3,4.6,60,4.65,0,n,s316L:0.3_s316L:0.1_tef:0.3
223,2,1,5,30,6.02,0,n,S316L:0.05_S316L:0.1_tef:0.05
224,2,4,115,100,116.7,0,n,inconel:0.42_s316L:0.1_tef:0.3
225,2,4,115,100,119.1,0,n,inconel:0.42_s316L:0.1_tef:0.05
226,2,4,75,100,78.1,0,n,inconel:0.42_s316L:0.1_tef:0.3
227,2,4,75,100,77.8,0,n,inconel:0.42_s316L:0.1_tef:0.05
228,2,1,5,165,5.63,0,n,s316L:0.1_s316L:0.1_tef:0.05
229,2,1,5,165,5.37,0,n,s316L:0.1_s316L:0.1_tef:0.05
230,2,1,2.5,165,2.69,0,n,s316L:0.1_s316L:0.1_tef:0.05
231,2,1,2.5,165,2.64,0,n,s316L:0.1_s316L:0.1_tef:0.05
232,2,1,2.5,165,2.27,0,n,s316L:0.1_s316L:0.1_tef:0.05
233,2,1,2.5,165,2.22,0,n,s316L:0.1_s316L:0.1_tef:0.05
234,2,1,7,38,7.39,0,n,s316L:0.1_s316L:0.1_tef:0.05
235,2,1,7,38,7.76,0,n,s316L:0.1_s316L:0.1_tef:0.05
236,2,1,7,38,6.53,0,n,s316L:0.1_s316L:0.1_tef:0.05
237,2,1,5,20,4.32,0,n,s316L:0.1_s316L:0.1_tef:0.05
238,2,1,5,20,4.21,0,n,s316L:0.1_s316L:0.1_tef:0.05
239,2,3,1,148,1.01,0,n,s316L:0.1_s316L:0.1_tef:0.1
240,2,3,1,148,1.1,0,n,s316L:0.1_s316L:0.1_tef:0.1
241,2,3,1,148,0.8,0,n,s316L:0.1_s316L:0.1_tef:0.1
242,2,3,1,148,0.985,0,n,s316L:0.1_s316L:0.1_tef:0.1
243,2,1,5,22,5.31,0,n,s316L:0.05_s316L:0.05_s316L:0.05_tef:0.1
244,2,1,5,22,5.33,0,n,s316L:0.05_s316L:0.05_s316L:0.05_tef:0.1
245,2,1,5,22,5.8,0,n,s316L:0.05_s316L:0.2_s316L:0.05_tef:0.1
246,2,1,5,22,5.4,0,n,s316L:0.05_s316L:0.05_s316L:0.05_tef:0.1
247,2,1,10,181,10.63,0,n,s316L:0.1_s316L:0.1_tef:0.1
248,2,1,10,181,9.42,0,n,s316L:0.1_s316L:0.1_tef:0.1
249,2,1,10,181,8.86,0,n,s316L:0.1_s316L:0.1_tef:0.1
250,2,1,10,181,9.3,0,n,s316L:0.1_s316L:0.1_tef:0.1
251,2,1,10,181,11.7,0,n,s316L:0.1_s316L:0.1_tef:0.1
252,2,1,10,181,6.13,0,n,s316L:0.1_s316L:0.1_tef:0.1
253,2,1.5,10,180,8.8,0,n,s316L:0.1_s316L:0.1_tef:0.2
254,2,1.5,10,180,9.06,0,n,s316L:0.1_s316L:0.1_s316L:0.1_tef:0.1
255,2,1.5,10,180,10.08,0,n,s316L:0.1_s316L:0.1_s316L:0.1_tef:0.1
256,2,1.5,10,180,18.86,0,n,s316L:0.2_s316L:0.1_s316L:0.1_tef:0.1
257,2,1.5,10,180,9.15,0,n,s316L:0.1_s316L:0.1_s316L:0.1_tef:0.1
258,2,3,3.3,130,2.96,0,n,s316L:0.3_s316L:0.1_tef:0.3
259,2,3,3.3,130,2.86,0,n,s316L:0.3_s316L:0.1_tef:0.3
260,2,3,3.3,130,3.57,0,n,s316L:0.3_s316L:0.1_tef:0.3
261,2,3,3.3,130,3.9,0,n,s316L:0.3_s316L:0.1_tef:0.3
262,2,3,3.3,130,3.15,0,n,s316L:0.3_s316L:0.1_tef:0.3
263,2,4,3.3,131,2.6,0,n,s316L:0.3_s316L:0.1_tef:0.3
264,2,4,3.3,131,3.08,0,n,s316L:0.3_s316L:0.1_tef:0.2
265,2,4,3.3,131,3.28,0,n,s316L:0.3_s316L:0.1_tef:0.3
266,2,4,3.3,131,3.56,0,n,s316L:0.3_s316L:0.1_tef:0.3
267,2,4,3.3,131,3.65,0,n,s316L:0.3_s316L:0.1_tef:0.3
268,2,4,3.3,131,3.28,0,n,s316L:0.3_s316L:0.1_tef:0.3
269,2,16,0.5,22,0.51,0,n,s316L:0.4_s316L:0.1_fep:0.4
270,2,16,0.5,22,0.575,0,n,s316L:0.4_s316L:0.1_fep:0.4
271,2,4,17.2,65.6,15,0,n,inconel:1_ inconel:0.42_ptfe:0.5
272,2,4,17.2,65.6,18.13,0,n,inconel:1_ inconel:0.42_ptfe:0.5
273,2,6,2.35,50,2.49,0,n,s316L:0.6_s316L:0.2_s316L:0.1_ptfe:0.5
274,2,6,2.35,50,2.02,0,n,s316L:0.6_s316L:0.2_s316L:0.1_ptfe:0.5
275,2,6,2.35,50,1.97,0,n,s316L:0.6_s316L:0.2_s316L:0.1_ptfe:0.5
276,2,6,2.35,50,2.66,0,n,s316L:0.6_s316L:0.2_s316L:0.1_ptfe:0.5
277,2,4,8.4,80,7.91,0,n,s316L:1_s316L:0.6_ptfe:0.5
278,2,4,8.4,80,8.38,0,n,s316L:1_s316L:0.6_ptfe:0.5
279,2,4,8.4,80,8.05,0,n,s316L:1_s316L:0.6_ptfe:0.5
280,2,2,3.25,75,3.75,0,n,s316:0.1_inconel:0.45_fep:0.1
281,2,2,3.25,75,3.25,0,n,s316:0.1_inconel:0.45_fep:0.1
282,2,12,16.17,81.67,9.59,0,n,s316:1.5_inconel:0.42_ptfe:0.5
283,2,12,16.17,81.67,13.6,0,n,s316:1.5_inconel:0.42_ptfe:0.5
284,2,12,16.17,81.67,15.3,0,n,s316:1.5_inconel:0.42_ptfe:0.5
285,2,1,5,30,5.15,0,n,s316:0.1_s316:1_fep:.1
286,2,1,5,30,5.43,0,n,s316:0.1_s316:1_fep:0.1
287,2,1,5,30,5.59,0,n,s316:0.1_s316:1_fep:0.1
288,2,1,5,30,4.87,0,n,s316:0.05_s316:0.05_fep:0.1
289,2,1,5,30,6.47,0,n,s316:0.05_s316:0.05_fep:0.1
290,2,1,5,30,5.35,0,n,s316:0.05_s316:0.05_fep:0.1
291,2,1.5,2,135,1.35,0,n,s316:0.1_s316L:0.1_tef:0.1
292,2,1.5,2,135,1.39,0,n,s316:0.1_s316L:0.1_tef:0.1
293,2,1.5,2,135,2.09,0,n,s316:0.1_s316L:0.1_tef:0.1
294,2,1.5,2,135,2.04,0,n,s316:0.1_s316L:0.1_tef:0.1
295,2,1.5,2,135,1.99,0,n,s316:0.1_s316L:0.1_tef:0.1
296,2,1.5,2,135,2.25,0,n,s316:0.1_s316:0.1_tef:0.3
297,2,2,3,60.2,3.2,0,n,s316:0.1_s316:0.1_tef:0.3
298,2,2,3,60.2,2.94,0,n,s316:0.1_s316:0.1_tef:0.3
299,2,3,3,48,2.57,0,n,s316L:0.5_s316L:0.1_tef:0.5
300,2,3,3,48,3.47,0,n,s316L:0.3_s316L:0.1_tef:0.5
301,2,0.5,248,100,249.4,0,n,s316:0.2_s316:0.05_s316L:0.1_ptfe:0.5
302,2,0.5,248,100,245.7,0,n,s316:0.2_s316:0.05_s316L:0.1_ptfe:0.4
303,2,4,10,100,16.8,0,n,s316:1_s316:0.4_ptfe:0.5
304,2,4,10,100,7.86,0,n,s316:1_s316:0.4_ptfe:0.4
305,2,4,10,100,9.87,0,n,s316:1_s316:0.4_ptfe:0.5
306,2,4,10,100,10.45,0,n,s316:1_s316:0.4_ptfe:0.5
307,2,4,10,100,10.25,0,n,s316:1_s316:0.4_ptfe:0.5
308,2,12,3.5,250,1.73,0,n,s316:0.5_ aluminum :0.2_ aluminum:0.2_s316:0.5
309,2,12,3.5,250,3.42,0,n,s316:0.5_ aluminum :0.2_ aluminum:0.2_s316:0.5
310,2,1.5,3.3,149,9.04,0,n,s316:0.1_s316L:0.1_ptfe:0.1
311,2,1.5,3.3,149,2.49,0,n,s316:0.1_s316L:0.1_ptfe:0.1
312,2,1.5,3.3,149,2.59,0,n,s316:0.1_s316L:0.1_ptfe:0.1
313,2,1.5,3.3,149,3.35,0,n,s316:0.1_s316L:0.1_ptfe:0.1
314,2,1.5,3.3,149,3.18,0,n,s316:0.1_s316L:0.1_ptfe:0.1
315,2,1.5,3.3,149,3.5,0,n,s316:0.1_s316:0.1_ptfe:0.1
316,2,1.5,3.3,149,3.3,0,n,s316:0.1_s316:0.1_ptfe:0.1
317,2,1.5,3.3,149,3.65,0,n,s316:0.1_s316:0.1_ptfe:0.1
318,2,1.5,3.3,149,3.49,0,n,s316:0.1_s316:0.1_ptfe:0.1
319,2,1.5,3.3,149,3.71,0,n,s316:0.1_s316:0.1_ptfe:0.1
320,2,1.5,3.3,149,3.21,0,n,s316:0.2_s316:0.1_ptfe:0.2
321,2,1.5,3.3,149,2.75,0,n,s316:0.1_s316:0.1_ptfe:0.1
322,2,1.5,3.3,149,3.99,0,n,s316:0.1_s316:0.1_ptfe:0.1
323,2,1.5,3.3,149,2.7,0,n,s316:0.1_s316:0.1_ptfe:0.1
324,2,1.5,3.3,149,3.01,0,n,s316:0.1_s316:0.1_ptfe:0.1
325,2,1.5,3.3,149,3.65,0,n,s316:0.1_s316:0.1_ptfe:0.1
326,2,1.5,3.3,149,3.43,0,n,s316:0.1_s316:0.1_ptfe:0.1
327,2,1.5,3.3,149,5.3,0,n,s316:0.1_s316:0.1_ptfe:0.1
328,2,1.5,3.3,149,3.5,0,n,s316:0.1_s316:0.1_ptfe:0.1
329,2,1.5,3.3,149,3.13,0,n,s316:0.1_s316:0.1_ptfe:0.1
330,2,1.5,3.3,149,3.85,0,n,s316:0.1_s316:0.1_ptfe:0.1
331,2,1.5,3.3,149,3.1,0,n,s316:0.1_s316:0.1_ptfe:0.1
332,2,1.5,3.3,149,2.65,0,n,s316:0.1_s316:0.1_ptfe:0.1
333,2,1.5,3.3,149,3.7,0,n,s316:0.1_s316:0.1_ptfe:0.1
334,2,1.5,3.3,149,3.1,0,n,s316:0.1_s316:0.2_ptfe:0.1
335,2,1.5,3.3,149,3.03,0,n,s316:0.1_s316:0.2_ptfe:0.1
336,2,1.5,204,20,24.46,0,n,s316:0.4_inconel:0.42_ptfe:0.3
337,2,1.5,204,20,17.79,0,n,s316:0.4_inconel:0.42_ptfe:0.3
338,2,1.5,204,20,19.06,0,n,s316:0.4_inconel:0.42_ptfe:0.3
339,2,1.5,204,20,19.86,0,n,s316:0.4_inconel:0.42_ptfe:0.3
340,2,1.5,204,20,19.02,0,n,s316:0.4_inconel:0.42_ptfe:0.3
341,2,1.5,204,20,21.78,0,n,s316:0.4_inconel:0.42_ptfe:0.3
342,2,1.5,204,20,19.11,0,n,s316:0.4_inconel:0.42_ptfe:0.3
343,2,1.5,204,20,19.57,0,n,s316:0.4_inconel:0.42_ptfe:0.3
344,2,3,3.25,48,3.12,0,n,s316:0.5_s316:0.5_fep:0.15
345,2,3,3.25,48,2.97,0,n,s316:0.5_s316:0.5_fep:0.15
346,2,3,3.25,48,3.09,0,n,s316:0.5_s316:0.5_fep:0.15
347,2,3,3.25,48,3.17,0,n,s316:0.5_s316:0.5_fep:0.15
348,2,14,8.81,180,7.83,0,n,s316:1.5_s316:1_ptfe:0.5
349,2,6,5.49,82,5.61,0,n,s316:0.5_s316:0.3_tef:0.5
350,2,6,5.49,82,5.57,0,n,s316:0.5_s316:0.3_tef:0.5
351,2,6,5.49,82,5.13,0,n,s316:0.5_s316:0.3_tef:0.5
352,2,6,5.49,82,5.54,0,n,s316:0.5_s316:0.3_tef:0.5
353,2,6,5.49,82,5.6,0,n,s316:0.5_s316:0.3_tef:0.5
354,2,3,5.49,82,5.8,0,n,s316:0.5_s316:0.3_tef:0.5
355,2,3,5.49,82,5.84,0,n,s316:0.5_s316:0.3_tef:0.5
356,2,3,5.49,82,5.72,0,n,s316:0.5_s316:0.3_tef:0.5
357,2,3,5.49,82,5.78,0,n,s316:0.5_s316:0.3_tef:0.5
358,2,3,5.49,82,5.66,0,n,s316:0.5_s316:0.3_tef:0.5
359,2,10,3,200,3.42,0,n,s316:1.5_s316:0.1_tef:0.5
360,2,10,3,200,4,0,n,s316:1.5_s316:0.1_tef:0.5
361,2,10,3,200,2.94,0,n,s316:1.5_s316:0.1_tef:0.5
362,2,10,3,200,3.03,0,n,s316:1.5_s316:0.1_tef:0.5
363,2,10,3,200,2.8,0,n,s316:1.5_s316:0.1_tef:0.5
364,2,10,3,200,4.1,0,n,s316:1.5_s316:0.1_tef:0.5
365,2,10,3,200,3.3,0,n,s316:1.5_s316:0.1_tef:0.5
366,2,10,3,200,2.88,0,n,s316:1.5_s316:0.1_tef:0.5
367,2,10,3,200,2.97,0,n,s316:1.5_s316:0.1_tef:0.5
368,2,10,2.7,200,2.63,0,n,s316:1.5_s316:0.1_tef:0.5
369,2,10,2.7,200,3.13,0,n,s316:1.5_s316:0.1_tef:0.5
370,2,10,2.7,200,2.88,0,n,s316:1.5_s316:0.1_tef:0.5
371,2,10,2.7,200,2.71,0,n,s316:1.5_s316:0.1_tef:0.5
372,2,10,2.7,200,2.6,0,n,s316:1.5_s316:0.1_tef:0.5
373,2,10,2.7,200,8,0,n,s316:1.5_s316:0.1_tef:0.5
374,2,10,2.7,200,5.57,0,n,s316:1.5_s316:0.1_tef:0.5
375,2,10,2.7,200,2.58,0,n,s316:1.5_s316:0.1_tef:0.5
376,2,10,2.7,200,3.65,0,n,s316:1.5_s316:0.1_tef:0.5
377,2,10,2.7,200,3.85,0,n,s316:1.5_s316:0.1_tef:0.5
378,2,8,2.6,140,1.8,0,n,s316:0.5_s316:0.4_tef:0.3
379,2,8,2.6,140,3.8,0,n,s316:0.5_s316:0.4_tef:0.3
380,2,8,2.6,140,2.79,0,n,s316:0.5_s316:0.4_tef:0.3
381,2,8,2.6,140,2.57,0,n,s316:0.5_s316:0.4_tef:0.3
382,2,8,2.6,140,2.56,0,n,s316:0.5_s316:0.4_tef:0.3
383,2,8,2.6,140,2.46,0,n,s316:0.5_s316:0.4_tef:0.3
384,2,8,2.6,140,2.59,0,n,s316:0.5_s316:0.4_tef:0.3
385,2,8,2.6,140,2.49,0,n,s316:0.5_s316:0.4_tef:0.3
386,2,3,4.2,50,4.03,0,n,s316:0.3_s316:0.3_tef:0.1
387,2,3,4.2,50,4.16,0,n,s316:0.3_s316:0.3_tef:0.1
388,2,3,4.2,50,4.43,0,n,s316:0.3_s316:0.3_tef:0.1
389,2,3,4.2,50,4.15,0,n,s316:0.3_s316:0.3_tef:0.1
390,2,3,4.2,50,4.25,0,n,s316:0.3_s316:0.3_tef:0.1
391,2,14,8.81,180,8.25,0,n,s316:1_s316:1.5_tef:0.4
392,2,14,8.81,180,8.18,0,n,s316:1_s316:1.5_tef:0.4
393,2,10,160,2,1.94,0,n,s316:0.5_s316:0.5_ptfe:0.4
394,2,10,160,2,1.6,0,n,s316:0.5_s316:0.5_ptfe:0.4
395,2,10,160,2,1.91,0,n,s316:0.5_s316:0.5_ptfe:0.4
396,2,16,160,2,2.03,0,n,s316:0.5_s316:0.5_ptfe:0.4
397,2,3,3.5,240,4.2,0,n,s316:0.3_s316:0.3_ aluminum :0.1_tef:0.1
398,2,3,3.5,240,3.5,0,n,s316:0.3_s316:0.3_ aluminum :0.1_tef:0.1
399,2,3,3.5,240,6.2,0,n,s316:0.3_s316:0.3_ aluminum :0.1_tef:0.1
400,2,3,3.5,240,5.4,0,n,s316:0.3_s316:0.3_ aluminum :0.1_tef:0.1
401,2,3,3.5,240,10,0,n,s316:0.3_s316:0.3_ aluminum :0.1_tef:0.1
402,2,3,3.5,240,4.7,0,n,s316:0.3_s316:0.3_ aluminum :0.1_tef:0.1
403,2,3,3.5,240,6.9,0,n,s316:0.3_s316:0.3_ aluminum :0.1_tef:0.1
404,2,3,3.5,240,3.78,0,n,s316:0.3_s316:0.3_ aluminum :0.1_tef:0.1
405,2,3,3.5,240,4.91,0,n,s316:0.3_s316:0.3_ aluminum :0.1_tef:0.1
406,2,3,3.5,240,5.5,0,n,s316:0.3_s316:0.3_ aluminum :0.1_tef:0.1
407,2,3,3.5,240,3.58,0,n,s316:0.3_s316:0.3_ aluminum :0.1_tef:0.1
408,2,3,3.5,240,3.25,0,n,s316:0.3_s316:0.3_ aluminum :0.1_tef:0.1
409,2,3,3.5,240,3.33,0,n,s316:0.3_s316:0.3_ aluminum :0.1_tef:0.1
410,2,3,3.5,240,3.47,0,n,s316:0.3_s316:0.3_ aluminum :0.1_tef:0.1
411,2,3,3.5,240,3.04,0,n,s316:0.3_s316:0.3_ aluminum :0.1_tef:0.1
412,2,3,3.5,240,3.33,0,n,s316:0.3_s316:0.3_ aluminum :0.1_tef:0.1
413,2,3,3.5,240,4.2,0,n,s316:0.3_s316:0.3_ aluminum :0.1_tef:0.1
414,2,3,3.5,240,4,0,n,s316:0.3_s316:0.3_ aluminum :0.1_tef:0.1
415,2,3,3.5,240,3.58,0,n,s316:0.3_s316:0.3_ aluminum :0.1_tef:0.1
416,2,3,3.5,240,5.33,0,n,s316:0.3_s316:0.3_ aluminum :0.1_tef:0.1
417,2,3,3.5,240,6.83,0,n,s316:0.3_s316:0.3_ aluminum :0.1_tef:0.1
418,2,4,3.25,180,3.11,0,n,s316:0.3_s316:0.3_ aluminum :0.1_tef:0.1
419,2,4,3.25,180,3.27,0,n,s316:0.3_s316:0.3_ aluminum :0.1_tef:0.1
420,2,4,3.25,180,3.5,0,n,s316:0.3_s316:0.3_ aluminum :0.1_tef:0.1
421,2,4,3.25,180,4.09,0,n,s316:0.3_s316:0.3_ aluminum :0.1_tef:0.1
422,2,4,3.25,180,5,0,n,s316:0.3_s316:0.3_ aluminum :0.1_tef:0.1
423,2,4,5,22,3.73,0,n,s316:0.5_s316:0.5_tef:0.1
424,2,4,5,22,5.1,0,n,s316:0.5_s316:0.5_tef:0.1
425,2,4,5,22,5.5,0,n,s316:0.5_s316:0.5_tef:0.1
426,2,4,5,22,5.2,0,n,s316:0.5_s316:0.5_tef:0.1
427,2,4,5,22,4.9,0,n,s316:0.5_s316:0.5_tef:0.1
428,2,4,5,22,4.84,0,n,s316:0.5_s316:0.5_tef:0.1
429,2,4,5,22,5.05,0,n,s316:0.5_s316:0.5_tef:0.1
430,2,4,5,22,4.85,0,n,s316:0.5_s316:0.5_tef:0.1
431,2,4,5,22,4.12,0,n,s316:0.5_s316:0.5_tef:0.1
432,2,4,5,22,5.4,0,n,s316:0.5_s316:0.5_tef:0.1
433,2,4,5,22,5.2,0,n,s316:0.5_s316:0.5_tef:0.1
434,2,4,5,22,5.1,0,n,s316:0.5_s316:0.5_tef:0.1
435,2,4,5,22,4.72,0,n,s316:0.5_s316:0.5_tef:0.1
436,2,4,5,22,5.04,0,n,s316:0.5_s316:0.5_tef:0.1
437,2,4,5,22,5.003,0,n,s316:0.5_s316:0.5_tef:0.1
438,2,12,3.5,250,4.5,0,n,s316:0.5_s316:0.2_ aluminum :0.2_s316:0.5_tef:0.5
439,2,12,3.5,250,3.58,0,n,s316:0.5_s316:0.2_ aluminum :0.2_s316:0.5_tef:0.5
440,2,12,3.5,250,6.63,0,n,s316:0.5_s316:0.2_ aluminum :0.2_s316:0.5_tef:0.5
441,2,12,3.5,250,3.85,0,n,s316:0.5_s316:0.2_ aluminum :0.2_s316:0.5_tef:0.5
442,2,12,3.5,250,5.94,0,n,s316:0.5_s316:0.2_ aluminum :0.2_s316:0.5_tef:0.5
443,2,12,3.5,250,5.5,0,n,s316:0.5_s316:0.2_ aluminum :0.2_s316:0.5_tef:0.5
444,2,12,3.5,250,6.25,0,n,s316:0.5_s316:0.2_ aluminum :0.2_s316:0.5_tef:0.5
445,2,12,3.5,250,3.53,0,n,s316:0.5_s316:0.2_ aluminum :0.2_s316:0.5_tef:0.5
446,2,12,3.5,250,2.25,0,n,s316:0.5_s316:0.2_ aluminum :0.2_s316:0.5_tef:0.5
447,2,3,4.2,50,3.98,0,n,s316:0.5_s316:0.5_tef:0.1
448,2,3,4.2,50,3.95,0,n,s316:0.5_s316:0.5_tef:0.1
449,2,3,4.2,50,4.05,0,n,s316:0.5_s316:0.5_tef:0.1
450,2,3,4.2,50,3.74,0,n,s316:0.5_s316:0.5_tef:0.1
451,2,3,4.2,50,3.64,0,n,s316:0.5_s316:0.5_tef:0.1
452,2,3,4.2,50,3.54,0,n,s316:0.5_s316:0.5_tef:0.1
453,2,3,4.2,50,3.72,0,n,s316:0.5_s316:0.5_tef:0.1
454,2,3,4.2,50,3.95,0,n,s316:0.5_s316:0.5_tef:0.1
455,2,3,4.2,50,3.9,0,n,s316:0.5_s316:0.5_tef:0.1
456,2,3,4.2,50,4.04,0,n,s316:0.5_s316:0.5_tef:0.1
457,2,3,4.2,50,3.95,0,n,s316:0.5_s316:0.5_tef:0.1
458,2,3,4.2,50,4.6,0,n,s316:0.5_s316:0.5_tef:0.1
459,2,3,4.2,50,4.7,0,n,s316:0.5_s316:0.5_tef:0.1
460,2,3,4.2,50,5,0,n,s316:0.5_s316:0.5_tef:0.1
461,2,3,4.2,50,4.15,0,n,s316:0.5_s316:0.5_tef:0.1
462,2,3,4.2,50,4.2,0,n,s316:0.5_s316:0.5_tef:0.1
463,2,3,4.2,50,4.12,0,n,s316:0.5_s316:0.5_tef:0.1
464,2,3,4.2,50,4.65,0,n,s316:0.5_s316:0.5_tef:0.1
465,2,3,4.2,50,4.22,0,n,s316:0.5_s316:0.5_tef:0.1
466,2,3,4.2,50,4.45,0,n,s316:0.5_s316:0.5_tef:0.1
467,2,3,4.2,50,4.25,0,n,s316:0.5_s316:0.5_tef:0.1
468,2,3,4.2,50,5.3,0,n,s316:0.5_s316:0.5_tef:0.1
469,2,3,4.2,50,5.6,0,n,s316:0.5_s316:0.5_tef:0.1
470,2,3,4.2,50,4.55,0,n,s316:0.5_s316:0.5_tef:0.1
471,2,3,4.2,50,4.38,0,n,s316:0.5_s316:0.5_tef:0.1
472,2,3,4.2,50,4.63,0,n,s316:0.5_s316:0.5_tef:0.1
473,2,3,4.2,50,4.43,0,n,s316:0.5_s316:0.5_tef:0.1
474,2,3,4.2,50,4.65,0,n,s316:0.5_s316:0.5_tef:0.1
475,2,3,4.2,50,4.24,0,n,s316:0.5_s316:0.5_tef:0.1
476,2,3,4.2,50,4.35,0,n,s316:0.5_s316:0.5_tef:0.1
477,2,3,4.2,50,2.8,0,n,s316:0.5_s316:0.5_tef:0.1
478,2,3,4.2,50,3.43,0,n,s316:0.5_s316:0.5_tef:0.1
479,2,3,4.2,50,4.65,0,n,s316:0.5_s316:0.5_tef:0.1
480,2,3,4.2,50,4.17,0,n,s316:0.5_s316:0.5_tef:0.1
481,2,3,4.2,50,4.23,0,n,s316:0.5_s316:0.5_tef:0.1
482,2,3,4.2,50,4.11,0,n,s316:0.5_s316:0.5_tef:0.1
483,2,3,4.2,50,4.38,0,n,s316:0.5_s316:0.5_tef:0.1
484,2,3,4.2,50,4.33,0,n,s316:0.5_s316:0.5_tef:0.1
485,2,3,4.2,50,4.01,0,n,s316:0.5_s316:0.5_tef:0.1
486,3,0.5,20.2,20,19.72,4,A11/2inRP2,monel :0.4_s316:0.05_ptfe:0.1
487,3,0.5,20.2,20,18.86,4,A11/2inRP2,inconel :0.4_s316:0.05_ptfe:0.1
488,3,1,15,22,12.5,6.65,A11/2inRP10-MAmodified,monel :0.6_ s316:0.05_ptfe:0.1
489,3,1,15,22,15.1,6.65,MA11/2inRP1,monel :0.6_ s316:0.05_ptfe:0.1
490,3,1,15,22,15.7,6.65,MA11/2inRP1,monel :0.6_ s316:0.05_ptfe:0.1
491,3,1,15,165,17.93,6.07,A11/2inRP2,s316:0.6_s316:0.05_ptfe:0.1
492,3,1,15,165,8.85,6.07,A11/2inRP3,s316:0.4_s316:0.05_ptfe:0.1
493,3,1,15,165,10.16,6.07,A11/2inRP3,s316:0.4_s316:0.05_ptfe:0.1
494,3,1,15,165,22.97,6.07,A11/2inRP4,s316:0.6_s316:0.05_ptfe:0.1
495,3,1,15,165,20.78,6.07,A11/2inRP4,s316:0.6_s316:0.05_ptfe:0.1
496,3,1,15,165,15.18,6.07,A11/2inRP5,s316:0.6_s316:0.05_ptfe:0.1
497,3,1,15,165,14.31,6.07,A11/2inRP5,s316:0.6_s316:0.05_ptfe:0.1
498,3,1.5,15,10,12.21,8.4,A11/2inRp7,s316:0.5_s316:0.05_ptfe:0.1
499,3,1.5,4,153,11.5,19.82,n,s316:0.5_s316:0.5_ptfe:0.1
500,3,1.5,4,153,4.23,5.88,n,s316:0.5_s316:0.5_ptfe:0.1
501,3,1.5,4,153,4.17,5.88,n,s316:0.5_s316:0.5_ptfe:0.1
502,3,1.5,4,153,3.5,5.88,n,s316:0.5_s316:0.5_ptfe:0.1
503,3,2,5.9,25,5.38,9.7,A2inRP16,s316:0.4_s316:0.05_ptfe:0.1
504,3,2,5.9,25,5.34,9.7,A2inRP16,s316:0.4_s316:0.05_ptfe:0.1
505,3,2,5.9,25,5.4,9.7,A2inRP16,s316:0.4_s316:0.05_ptfe:0.1
506,3,2,5.9,25,5.74,9.7,A2inRP16,s316:0.4_s316:0.05_ptfe:0.1
507,3,2,5.9,25,5.74,9.7,A2inRP16,s316:0.4_s316:0.05_ptfe:0.1
508,3,2,27.7,115,36.67,10,MA2inRP14,s316:0.8_inconel:0.05_ptfe:0.1
509,3,2,27.7,115,26.47,10,A2inRP1,s316:0.8_inconel:0.05_ptfe:0.1
510,3,2,27.7,115,25,10,A2inRP1,s316:0.8_inconel:0.05_ptfe:0.1
511,3,2,27.7,115,27.1,10,A2inRP1,s316:0.8_inconel:0.05_ptfe:0.1
512,3,2,3.38,58.4,3.35,9.83,MA2inRP5,s316:0.5_s316:0.05_ptfe:0.1
513,3,2,3.18,58.4,3.16,9.83,MA2inRP5,s316:0.5_s316:0.05_ptfe:0.1
514,3,2,3.38,58.4,3.33,9.83,MA2inRP5,s316:0.5_s316:0.05_ptfe:0.1
515,3,2,3.18,58.4,3.17,9.83,MA2inRP5,s316:0.5_s316:0.05_ptfe:0.1
516,3,2,19,55,20.05,9.8,A2inRP3,s316:0.8_s316:0.05_ptfe:0.1
517,3,2,19,55,16.29,9.8,A2inRP11,s316:0.8_s316:0.05_ptfe:0.1
518,3,2,13.5,80,11.07,9.97,A2inRP12,inconel:0.8_s316:0.05_ptfe:0.1
519,3,2,13.5,80,14.27,9.97,A2inRP13,inconel:0.8_s316:0.05_ptfe:0.1
520,3,2,13.5,80,13.5,9.97,A2inRP13.m.,inconel:0.8_s316:0.05_ptfe:0.1
521,3,2,13.5,80,14.01,9.97,A2inRP13.5.m,inconel:0.8_s316:0.05_ptfe:0.1
522,3,2,13.5,80,14.81,9.97,A2inRP13.5.s.m.,inconel:0.8_s316:0.05_ptfe:0.1
523,3,2,13.5,80,14.45,9.97,A2inRP13.T.M.,inconel:0.8_s316:0.05_ptfe:0.1
524,3,2,19,115,17.6,10.96,A2inRP10,s316:0.8_s316:0.05_ptfe:0.1
525,3,2,19,115,16.29,10.96,A2inRP10.m.,s316:0.8_s316:0.05_ptfe:0.1
526,3,2,7.5,65,4.12,13.77,A2inRP4,s316:0.4_s316:0.05_ptfe:0.1
527,3,2,7.5,65,7.53,13.77,A2inRP5,s316:0.4_s316:0.05_ptfe:0.1
528,3,2,7.5,65,12.13,13.77,A2inRP4,s316:0.8_s316:0.05_ptfe:0.1
529,3,2,7.5,65,6.54,13.77,A2inRP6,s316:0.6_s316:0.05_ptfe:0.1
530,3,2,7.5,65,5.47,13.77,A2inRP8,s316:0.5_s316:0.05_ptfe:0.1
531,3,2,7.5,65,4.9,13.77,A2inRP7,s316:0.5_s316:0.05_ptfe:0.1
532,3,2,7.5,65,7.74,13.77,A2inRP9,s316:0.5_s316:0.05_ptfe:0.1
533,3,2,7.5,65,6.27,13.77,A2inRP8.M,s316:0.5_s316:0.05_ptfe:0.1
534,3,2,20,115,27.4,9.5,A2inRP1,s316:0.8_s316:0.05_ptfe:0.1
535,3,2,20,115,17.77,9.5,A2inRP2,s316:0.8_s316:0.05_ptfe:0.1
536,3,2,6,22,6.55,10,2in29,s316:0.4_s316:0.05_ptfe:0.1
537,3,2,9.5,148,5.64,9.82,__,s316:0.8_s316:0.05_ptfe:0.1
538,3,2,9.5,148,9.23,9.05,2inR23,s316:0.8_s316:0.05_ptfe:0.1
539,3,2,9.5,148,6.73,9.05,2inR24,s316:0.8_s316:0.05_ptfe:0.1
540,3,2,9.5,148,6.05,9.05,2inR24,s316:0.8_s316:0.05_ptfe:0.1
541,3,2,9.5,148,6.07,9.05,2inR24,s316:0.8_s316:0.05_ptfe:0.1
542,3,2,9.5,148,7.31,9.05,2inR25,s316:0.8_s316:0.05_ptfe:0.1
543,3,2,9.5,148,7.13,9.05,2inR26,s316:0.8_s316:0.05_ptfe:0.1
544,3,2,9.5,148,9.3,9.05,2inR27,s316:0.8_s316:0.05_ptfe:0.1
545,3,2,9.5,148,9.43,9.05,2inR28,s316:0.8_s316:0.05_ptfe:0.1
546,3,2,12.5,85,9.05,9.05,2inR28,s316:0.8_s316:0.05_ptfe:0.1
547,3,2,12.5,85,15.23,10.38,__,s316:0.8_s316:0.1_ptfe:0.1
548,3,2,12.5,85,10.6,9.61,2inchIR65,s316:1_s316:0.05_ptfe:0.1
549,3,2,12.5,85,10.6,9.61,2inch17,s316:1_s316:0.05_ptfe:0.1
550,3,2,12.5,85,10.7,9.61,2inch18,s316:1_s316:0.05_ptfe:0.1
551,3,2,12.5,85,11.9,9.61,2inch19,s316:1_s316:0.05_ptfe:0.1
552,3,2,12.5,85,11.5,9.61,2inch21,s316:1_s316:0.05_ptfe:0.1
553,3,2,12.5,85,12,9.61,2inch20,s316:1_s316:0.05_ptfe:0.1
554,3,2,12.5,85,12.45,9.61,2inch21,s316:1_s316:0.05_ptfe:0.1
555,3,2,12.5,85,11.86,9.61,2inch21,s316:1_s316:0.05_ptfe:0.1
556,3,3,12,46,11.3,14.82,A3inRP16,hastelloy :1_ s316:0.05_ptfe:0.1
557,3,3,12,46,7.48,14.82,A3inRP17,hastelloy :1_ s316:0.05_ptfe:0.1
558,3,3,12,46,10.33,14.82,A3inRP17.m.,hastelloy :1_ s316:0.05_ptfe:0.1
559,3,3,12,46,11.7,14.82,A3inRP19,hastelloy :1_ s316:0.05_ptfe:0.1
560,3,3,13.5,250,13.09,14.82,A3inRP18,hastelloy :1_ s316:0.05_ptfe:0.1
561,3,3,13.5,250,12.2,14.82,A3inRP18.m.,hastelloy :1_ s316:0.05_ptfe:0.1
562,3,3,13.5,250,13.34,14.82,A3inRP18.sec.m.,hastelloy :1_ s316:0.05_ptfe:0.1
563,3,3,7.5,64,7.43,17.59,A3inRP11,s316:1_s316:0.05_ptfe:0.1
564,3,3,7.5,64,5.15,17.59,A3inRP10,s316:0.6_s316:0.05_ptfe:0.1
565,3,3,7.5,64,7.19,17.59,A3inRP10,s316:0.8_s316:0.05_ptfe:0.1
566,3,3,7.5,64,6.07,17.59,A3inRP14,s316:0.8_s316:0.05_ptfe:0.1
567,3,3,7.5,64,7.05,17.59,A3inRP,s316:0.8_s316:0.05_ptfe:0.1
568,3,3,1,180,1.037,14.3,A3inRP7,s316:0.4_s316:0.05_ptfe:0.1
569,3,3,13,22,12.58,15,A3inRP5.M.,monel :1_ s316:0.05_ptfe:0.1
570,3,3,13,22,16.08,15,A3inRP6,monel :1_ s316:0.05_ptfe:0.1
571,3,3,13,22,13,15,A3inRP8,monel :1_ s316:0.05_ptfe:0.1
572,3,3,13,22,10.16,15,A3inRP9,monel :1_ s316:0.05_ptfe:0.1
573,3,3,13,22,12.96,15,A3inRP9,monel :1_ s316:0.05_ptfe:0.1
574,3,3,13,22,14.1,15,A3inRP9-M.,monel :1_ s316:0.05_ptfe:0.1
575,3,3,13,22,12.12,15,A3inRP9-sec.M.,monel :1_ s316:0.05_ptfe:0.1
576,3,3,13,22,11.95,15,A3inRP9-third.M.,monel :1_ s316:0.05_ptfe:0.1
577,3,3,13,22,16.6,15,A3inRP12,monel :1_ s316:0.05_ptfe:0.1
578,3,3,13,22,12.5,15,A3inRP13,monel :1_ s316:0.05_ptfe:0.1
579,3,3,13,22,12.98,15,A3inRP9-F.M.,monel :1_ s316:0.05_ptfe:0.1
580,3,3,13,22,13.83,15,A3inRP13,monel :1_ s316:0.05_ptfe:0.1
581,3,3,3,40,3.15,15.83,A3inRP4,s316:0.6_s316:0.05_ptfe:0.1
582,3,3,3,40,3.15,15.83,A3inRP4,s316:0.6_s316:0.05_ptfe:0.1
583,3,3,3,40,3.19,15.83,A3inRP4,s316:0.6_s316:0.05_ptfe:0.1
584,3,3,6,40,6.61,34.98,__,s316:1_inconel:0.1_ptfe:0.1
585,3,3,6,40,6.05,14.66,3inch10,s316:1_inconel:0.1_ptfe:0.1
586,3,3,6,40,7.15,14.77,3inch10,s316:1_inconel:0.1_ptfe:0.1
587,3,3,6,40,6.42,14.66,3inch9,s316:1_inconel:0.1_ptfe:0.1
588,3,3,6,40,7.05,14.77,3inch10,s316:1_inconel:0.1_ptfe:0.1
589,3,3,6,40,6.92,14.66,3inch7,s316:1_inconel:0.1_ptfe:0.1
590,3,3,6,40,8,14.77,3inch5,s316:1_inconel:0.1_ptfe:0.1
591,3,3,6,40,6.95,14.66,3inch4,s316:1_inconel:0.05_ptfe:0.1
592,3,3,6,40,7.4,14.77,3inch2,s316:1_inconel:0.1_ptfe:0.1
593,3,3,6,40,7.4,14.66,3inch6,s316:1_inconel:0.1_ptfe:0.1
594,3,3,6,40,6.13,14.66,3inch6,s316:1_s316:0.1_ptfe:0.1
595,3,3,7.5,149.1,7.6,21.3,n,s316:0.5_s316:0.5_ptfe:0.1
596,3,3,7,100,2.14,17.63,n,s316:0.5_s316:0.5_ptfe:0.1
597,3,3,40,280,37.1,29.33,n,hastelloy:0.8_s316:0.05_ptfe:0.1
598,3,3,40,280,44,15.62,n,hastelloy:0.8_s316:0.05_ptfe:0.1
599,3,3,40,280,47,15.62,n,hastelloy:0.8_s316:0.05_ptfe:0.1
600,3,3,40,280,32,15.62,n,hastelloy:0.8_s316:0.05_ptfe:0.1
601,3,3,40,280,35,15.62,n,hastelloy:0.8_s316:0.05_ptfe:0.1
602,3,3,40,280,44.5,15.62,n,hastelloy:0.8_s316:0.05_ptfe:0.1
603,3,3,40,280,41,15.62,n,hastelloy:0.8_s316:0.05_ptfe:0.1
604,3,3,40,280,42.7,15.62,n,hastelloy:0.8_s316:0.05_ptfe:0.1
605,3,3,40,280,44.5,15.62,n,hastelloy:0.8_s316:0.05_ptfe:0.1
606,3,3,40,280,40,15.62,n,hastelloy:0.8_s316:0.05_ptfe:0.1
607,3,3,40,280,42.5,15.62,n,hastelloy:0.8_s316:0.05_ptfe:0.1
608,3,3,40,280,45.5,15.62,n,hastelloy:0.8_s316:0.05_ptfe:0.1
609,3,3,40,280,43.5,15.62,n,hastelloy:0.8_s316:0.05_ptfe:0.1
610,3,3,40,280,45.2,15.62,n,hastelloy:0.8_s316:0.05_ptfe:0.1
611,3,3,40,280,45.5,15.62,n,hastelloy:0.8_s316:0.05_ptfe:0.1
612,3,3,40,280,42.5,15.62,n,hastelloy:0.8_s316:0.05_ptfe:0.1
613,3,3,40,280,46,15.62,n,hastelloy:0.8_s316:0.05_ptfe:0.1
614,3,3,42,200,33,20.6,n,inconel:1.6_ inconel:0.1_ptfe:0.1
615,3,3,42,200,33.8,22.64,n,inconel:1.6_ inconel:0.1_ptfe:0.1
616,3,3,42,200,31,17,n,inconel:1.6_ inconel:0.1_ptfe:0.1
617,3,3,42,220,23,17,n,inconel:1.6_ inconel:0.1_ptfe:0.1
618,3,3,12,180,21,21.52,n,inconel:0.5_s316:0.05_ptfe:0.1
619,3,3,12,180,25.5,13.67,n,inconel:0.5_s316:0.05_ptfe:0.1
620,3,3,12,180,11.98,13.67,n,inconel:0.5_s316:0.05_ptfe:0.1
621,3,3,12,180,12.08,13.67,n,inconel:0.5_s316:0.05_ptfe:0.1
622,3,3,12,180,12.6,13.67,n,inconel:0.5_s316:0.05_ptfe:0.1
623,3,3,12,180,11.52,13.67,n,inconel:0.5_s316:0.05_ptfe:0.1
624,3,4,10,120,10.23,19.75,A4inRP4.m.,inconel:1_s316:0.05_ptfe:0.1
625,3,4,10,120,5.78,19.75,A4inRP10,inconel:1_s316:0.05_ptfe:0.1
626,3,4,10,120,9.97,19.75,A4inRP1.m.,inconel:1_s316:0.05_ptfe:0.1
627,3,4,5.5,180,9.05,19.77,A4inRP1.m.,inconel:1_s316:0.05_ptfe:0.1
628,3,4,5.5,180,5.46,19.77,A4inRP10,inconel:1_s316:0.05_ptfe:0.1
629,3,4,7.9,200,8.41,21.1,A4inRP11,inconel:1_s316:0.05_ptfe:0.1
630,3,4,7.9,200,8.33,21.1,A4inRP11.m.,inconel:1_s316:0.05_ptfe:0.1
631,3,4,8,100,9.17,21.04,A4imRP11,inconel:1_s316:0.05_ptfe:0.1
632,3,4,8,100,7.92,21.04,A4imRP12,inconel:1_s316:0.05_ptfe:0.1
633,3,4,30.5,60,24.26,20.91,A4inRP7,s316:1.5_s316:0.1_ptfe:0.1
634,3,4,30.5,60,29.45,20.91,A4inRP18,s316:2.5_s316:0.1_ptfe:0.1
635,3,4,30.5,60,32.85,20.91,A4inRP8,s316:1.5_s316:0.1_ptfe:0.1
636,3,4,30.5,60,33.92,20.91,A4inRP9,s316:1.5_s316:0.1_ptfe:0.1
637,3,4,30.5,60,33.97,20.91,A4inRP9Modified,s316:1.5_s316:0.1_ptfe:0.1
638,3,4,30.5,60,30.87,20.91,A4inRP9,s316:1.5_s316:0.1_ptfe:0.1
639,3,4,30.5,60,31.08,20.91,A4inRP9,s316:1.5_s316:0.1_ptfe:0.1
640,3,4,30.5,60,33.1,20.91,A4inRP9,s316:1.5_s316:0.1_ptfe:0.1
641,3,4,30.5,60,32.83,20.91,A4inRP9,s316:1.5_s316:0.1_ptfe:0.1
642,3,4,30.5,60,30.08,20.91,A4inRP9Modified,s316:1.5_s316:0.1_ptfe:0.1
643,3,4,30.5,60,30.15,20.91,A4inRP9Modified,s316:1.5_s316:0.1_ptfe:0.1
644,3,4,30.5,60,30.04,20.91,A6inRP18M,s316:2.5_s316:0.1_ptfe:0.1
645,3,4,30.5,60,25.5,20.91,A6inRP18.sec.M,s316:2.5_s316:0.1_ptfe:0.1
646,3,4,30.5,60,29.3,20.91,A6inRP18.Third.M,s316:2.5_s316:0.1_ptfe:0.1
647,3,4,30.5,60,30.3,20.91,A6inRP18M,s316:2.5_s316:0.1_ptfe:0.1
648,3,4,30.5,60,29,20.91,A6inRP18.Third.M,s316:2.5_s316:0.1_ptfe:0.1
649,3,4,30.5,60,29,20.91,A6inRP18,s316:2.5_s316:0.1_ptfe:0.1
650,3,4,30.5,60,26.76,20.91,A6inRP19,s316:2_s316:0.1_ptfe:0.1
651,3,4,30.5,60,29.16,20.91,A6inRP20,s316:2_s316:0.1_ptfe:0.1
652,3,4,11,45,8.32,21,A4inRP1,s316:1_s316:0.05_ptfe:0.1
653,3,4,11,45,11.75,21,A4inRP3,s316:1_s316:0.05_ptfe:0.1
654,3,4,11,45,11.75,21,A4inRP1,s316:1_s316:0.05_ptfe:0.1
655,3,4,11,45,15.4,21,A4inRP1,s316:1_s316:0.05_ptfe:0.1
656,3,4,11,45,11.23,21,A4inRP4,hastelloy:1_ hastelloy:0.05_ptfe:0.1
657,3,4,11,45,12,21,A4inRP4.m.,hastelloy:1_ hastelloy:0.05_ptfe:0.1
658,3,4,7,63.6,5,19.68,4inPR1,s316:1_s316:0.05_ptfe:0.1
659,3,4,7,63.6,5.7,19.64,4inPR1,s316:1_s316:0.05_ptfe:0.1
660,3,4,7,63.6,6.02,19.7,4inPR2,s316:1_s316:0.05_ptfe:0.1
661,3,4,7,63.6,6,19.7,4inPR2,s316:1_s316:0.05_ptfe:0.1
662,3,4,7,63.6,7.6,19.7,4inPR3,s316:1_s316:0.05_ptfe:0.1
663,3,4,7,63.6,7.4,19.7,__,s316:1_s316:0.05_ptfe:0.1
664,3,4,7,63.6,6.64,19.7,__,s316:1_s316:0.05_ptfe:0.1
665,3,4,7,63.6,7.45,19.7,4inPR3,s316:1_s316:0.05_ptfe:0.1
666,3,4,7,63.6,7.45,19.7,4inPR3,s316:1_s316:0.05_ptfe:0.1
667,3,4,0.17,22,0.302,17.87,2inch21,s316:0.3_s316:0.3_ptfe:0.1
668,3,4,9,80,8.1,32.92,n,s316:1_s316:0.1_ptfe:0.1
669,3,4,9,80,7.15,21.57,n,s316:1_s316:0.1_ptfe:0.1
670,3,4,9,80,8.93,21.57,n,s316:1_s316:0.1_ptfe:0.1
671,3,4,9,80,8.9,21.57,n,s316:1_s316:0.1_ptfe:0.1
672,3,4,9,80,7.74,21.57,n,s316:1_s316:0.1_ptfe:0.1
673,3,4,9,80,8.5,21.57,n,s316:1_s316:0.1_ptfe:0.1
674,3,4,11,45,10.55,38.62,n,s316:1_s316:0.1_ptfe:0.1
675,3,4,11,45,9.7,19.82,n,s316:1_s316:0.1_ptfe:0.1
676,3,4,11,45,11,19.82,n,s316:1_s316:0.1_ptfe:0.1
677,3,4,11,45,8.9,19.82,n,s316:1_s316:0.1_ptfe:0.1
678,3,4,11,45,10.28,19.82,n,s316:1_s316:0.1_ptfe:0.1
679,3,4,11,45,9.54,19.82,n,s316:1_s316:0.1_ptfe:0.1
680,3,4,11,45,9.28,19.82,n,s316:1_s316:0.1_ptfe:0.1
681,3,4,12.8,120,12.6,5.88,n,s316:1_s316:0.1_ptfe:0.1
682,3,4,12.8,120,9.9,24.68,n,s316:1_s316:0.1_ptfe:0.1
683,3,4,12.8,120,12.9,24.68,n,s316:1_s316:0.1_ptfe:0.1
684,3,4,12.8,120,12.6,24.68,n,s316:1_s316:0.1_ptfe:0.1
685,3,4,12.8,120,16,24.68,n,s316:1_s316:0.1_ptfe:0.1
686,3,4,12.8,120,15.55,24.68,n,s316:1_s316:0.1_ptfe:0.1
687,3,4,12.8,120,11.43,24.68,n,s316:1_s316:0.1_ptfe:0.1
688,3,4,7,280,7.65,39.3,n,s316:0.5_s316:0.5_ptfe:0.1
689,3,4,7,280,6.78,19.71,n,s316:0.5_s316:0.5_ptfe:0.1
690,3,4,7,280,7.16,19.71,n,s316:0.5_s316:0.5_ptfe:0.1
691,3,4,7,280,7.8,19.71,n,s316:0.5_s316:0.5_ptfe:0.1
692,3,4,7,280,6.2,19.71,n,s316:0.5_s316:0.5_ptfe:0.1
693,3,4,7,280,8.2,19.71,n,s316:0.5_s316:0.5_ptfe:0.1
694,3,4,50,320,42,15.62,n,hastelloy:1_s316:0.1_ptfe:0.1
695,3,4,50,320,48.5,23.36,n,hastelloy:1_s316:0.1_ptfe:0.1
696,3,4,50,320,45,23.36,n,hastelloy:1_s316:0.1_ptfe:0.1
697,3,4,50,320,31,23.36,n,hastelloy:1_s316:0.1_ptfe:0.1
698,3,4,10.5,180,11.4,51.13,n,inconel:0.5_s316:0.1_ptfe:0.1
699,3,4,10.5,180,11.2,16.28,n,inconel:0.5_s316:0.1_ptfe:0.1
700,3,4,10.5,180,11.55,17.3,n,inconel:0.5_s316:0.1_ptfe:0.1
701,3,4,10.5,180,11.05,18.6,n,inconel:0.5_s316:0.1_ptfe:0.1
702,3,4,10.5,180,8,19.62,n,inconel:0.5_s316:0.1_ptfe:0.1
703,3,4,10.5,180,8.5,22.14,n,inconel:0.5_s316:0.1_ptfe:0.1
704,3,4,10.5,180,8.6,22.13,n,inconel:0.5_s316:0.1_ptfe:0.1
705,3,4,10.5,180,10.5,20.6,n,inconel:0.5_s316:0.1_ptfe:0.1
706,3,4,10.5,180,9,15.58,n,inconel:0.5_s316:0.1_ptfe:0.1
707,3,4,10.5,180,9,20.6,n,inconel:0.5_s316:0.1_ptfe:0.1
708,3,4,22,210,24.2,13.67,n,inconel:0.1_ inconel:1.2_ptfe:0.1
709,3,4,22,210,22.5,16.54,n,inconel:0.1_ inconel:1.2_ptfe:0.1
710,3,4,22,210,18.2,16.54,n,inconel:0.1_ inconel:1.2_ptfe:0.1
711,3,4,22,210,24.5,16.54,n,inconel:0.1_ inconel:1.2_ptfe:0.1
712,3,4,22,210,18.37,16.54,n,inconel:0.1_ inconel:1.2_ptfe:0.1
713,3,4,22,210,18.76,16.54,n,inconel:0.1_ inconel:1.2_ptfe:0.1
714,3,4,22,210,18.45,16.54,n,inconel:0.1_ inconel:1.2_ptfe:0.1
715,3,4,22,210,21.85,16.54,n,inconel:0.1_ inconel:1.2_ptfe:0.1
716,3,4,22,210,21.4,16.54,n,inconel:0.1_ inconel:1.2_ptfe:0.1
717,3,4,22,210,16.5,16.54,n,inconel:0.1_ inconel:1.2_ptfe:0.1
718,3,4,22,210,16,16.54,n,inconel:0.1_ inconel:1.2_ptfe:0.1
719,3,6,19,100,18.64,31.41,A6inRP19,inconel:1.5_s316:0.1_ptfe:0.1
720,3,6,19,100,19.2,31.41,A6inRP19modified,inconel:1.5_s316:0.1_ptfe:0.1
721,3,6,3,144,2.66,31.9,A6inRP22,s316:0.8_s316:.05_ptfe:0.1
722,3,6,3,144,2.86,31.9,A6inRP23,s316:0.8_s316:.05_ptfe:0.1
723,3,6,3,144,3.02,31.9,A6inRP23,s316:0.8_s316:.05_ptfe:0.1
724,3,6,0.3,70,0.525,26.81,A6inRP21,monel :04_ s316:0.05_ptfe:0.1
725,3,6,0.3,70,0.445,26.81,A6inRP21.m.,monel :04_ s316:0.05_ptfe:0.1
726,3,6,0.3,70,0.392,26.81,A6inRP21.sec.m.,monel :04_ s316:0.05_ptfe:0.1
727,3,6,0.3,70,0.404,26.81,A6inRP21.T.m.,monel :04_ s316:0.05_ptfe:0.1
728,3,6,9.4,40,9.53,28.6,A6inRP16,s316:1.5_s316:0.1_ptfe:0.1
729,3,6,9.4,40,9.37,28.7,__,s316:1.5_s316:0.1_ptfe:0.1
730,3,6,9.4,40,9.3,28.8,A6inRP16.M.,s316:1.5_s316:0.1_ptfe:0.1
731,3,6,0.5,22,0.431,50,A6inRP6,s316:0.4_monel:0.05_ptfe:0.1
732,3,6,6.9,56,6.53,28.37,A6inRP7,s316:1.5_s316:0.1_ptfe:0.1
733,3,6,6.9,56,6.25,28.51,A6inRP8,s316:1.5_s316:0.1_ptfe:0.1
734,3,6,6.9,56,8.15,28.51,A6inRP9,s316:1.5_s316:0.1_ptfe:0.1
735,3,6,6.9,56,8.75,28.51,A6inRP10,s316:1.5_s316:0.1_ptfe:0.1
736,3,6,6.9,56,8.54,28.51,A6inRP11,s316:1.5_s316:0.1_ptfe:0.1
737,3,6,6.9,56,7.8,28.51,A6inRP14,s316:1.5_s316:0.1_ptfe:0.1
738,3,6,2.5,22,2.1,29.71,6inRP11,s316:0.8_s316:0.05_ptfe:0.1
739,3,6,0.5,22,0.394,29.81,A6inRP4,s316:0.4_monel:0.05_ptfe:0.1
740,3,6,0.5,22,0.39,29.81,A6inRP4,s316:0.4_monel:0.05_ptfe:0.1
741,3,6,0.5,22,0.434,29.81,A6inRP5,s316:0.4_monel:0.05_ptfe:0.1
742,3,6,0.5,22,0.434,29.81,__,s316:0.4_monel:0.05_ptfe:0.1
743,3,6,0.5,22,0.42,29.81,A6inRP6,s316:0.4_monel:0.05_ptfe:0.1
744,3,6,5.19,66,6.61,28.84,3inch6,s316:1_s316:0.1_ptfe:0.1
745,3,6,5.19,66,5.23,28.84,6inch2,s316:1_s316:0.1_ptfe:0.1
746,3,6,5.19,66,5.34,28.84,__,s316:1_s316:0.1_ptfe:0.1
747,3,6,5.19,66,5.93,28.84,6inch5,s316:1_s316:0.1_ptfe:0.1
748,3,6,5.19,66,5.49,28.84,6inch5,s316:1_s316:0.1_ptfe:0.1
749,3,6,5.19,66,4.25,28.84,6inch4,s316:1_s316:0.1_ptfe:0.1
750,3,6,6.19,71.4,6.23,28.84,6inch1,s316:0.1_s316:0.1_s316:0.05_tef:0.4
751,3,6,6.19,71.4,6.1,32.92,n,s316:0.1_s316:0.1_s316:0.05_tef:0.4
752,3,6,6.19,71.4,5.49,32.92,n,s316:0.1_s316:0.1_s316:0.05_tef:0.4
753,3,6,6.19,71.4,5.95,32.92,n,s316:0.1_s316:0.1_s316:0.05_tef:0.4
754,3,6,6.19,71.4,5,32.92,n,s316:0.1_s316:0.1_s316:0.05_tef:0.4
755,3,6,6.19,71.4,6.8,32.92,n,s316:0.1_s316:0.1_s316:0.05_tef:0.4
756,3,6,3.15,230,4.5,24.68,n,s316:0.4_s316:0.1_tef:0.5
757,3,6,3.15,230,3.42,21.3,n,s316:0.4_s316:0.1_tef:0.5
758,3,6,3.15,230,3.45,21.3,n,s316:0.4_s316:0.1_tef:0.5
759,3,6,3.15,230,3.53,21.3,n,s316:0.4_s316:0.1_tef:0.5
760,3,6,3.15,230,3.54,21.3,n,s316:0.4_s316:0.1_tef:0.5
761,3,6,3.15,230,3.71,21.3,n,s316:0.4_s316:0.1_tef:0.5
762,3,6,3.15,230,3.43,21.3,n,s316:0.4_s316:0.1_tef:0.5
763,3,6,3.15,230,3.7,21.3,n,s316:0.4_s316:0.1_tef:0.5
764,3,6,5.5,38,6.75,19.71,n,inconel:0.5_s316:0.1_tef:0.5
765,3,6,5.5,38,5.6,27.23,n,inconel:0.5_s316:0.1_tef:0.5
766,3,6,5.5,38,5.24,27.23,n,inconel:0.5_s316:0.1_tef:0.5
767,3,6,5.5,38,5.13,27.23,n,inconel:0.5_s316:0.1_tef:0.5
768,3,6,5.5,38,5.8,27.23,n,inconel:0.5_s316:0.1_tef:0.5
769,3,6,5.5,38,5.03,27.23,n,inconel:0.5_s316:0.1_tef:0.5
770,3,6,5.5,38,5.03,27.23,n,inconel:0.5_s316:0.1_tef:0.5
771,3,6,5.5,38,5.14,27.23,n,inconel:0.5_s316:0.1_tef:0.5
772,3,6,5.5,38,4.95,27.23,n,inconel:0.5_s316:0.1_tef:0.5
773,3,6,5.5,38,5.19,27.23,n,inconel:0.5_s316:0.1_tef:0.5
774,3,6,5.5,38,5.03,27.23,n,inconel:0.5_s316:0.1_tef:0.5
775,3,6,5.5,38,5.43,27.23,n,inconel:0.5_s316:0.1_tef:0.5
776,3,6,5.5,38,5.65,27.23,n,inconel:0.5_s316:0.1_tef:0.5
777,3,6,6.9,56,7.05,27.23,n,s316:0.5_s316:0.1_tef:0.5
778,3,6,6.9,56,6.68,29.33,n,s316:0.5_s316:0.1_tef:0.5
779,3,6,6.9,56,6.32,29.33,n,s316:0.5_s316:0.1_tef:0.5
780,3,6,6.9,56,6.1,29.33,n,s316:0.5_s316:0.1_tef:0.5
781,3,6,6.9,56,6.78,29.33,n,s316:0.5_s316:0.1_tef:0.5
782,3,6,6.9,56,6.33,29.33,n,s316:0.5_s316:0.1_tef:0.5
783,3,6,6.9,56,6.14,29.33,n,s316:0.5_s316:0.1_tef:0.5
784,3,6,6.9,56,6.29,29.33,n,s316:0.5_s316:0.1_tef:0.5
785,3,8,1,40,0.956,35.88,A8inRP10,inconel:0.8_s316:0.05_tef:0.5
786,3,8,1,40,1.122,35.88,A8inRP10.m.,inconel:0.8_s316:0.05_tef:0.5
787,3,8,1,40,1.18,35.88,A8inRP10.s.m.,inconel:0.8_s316:0.05_tef:0.5
788,3,8,1,40,1.214,35.88,A8inRP10.T.m.,inconel:0.8_s316:0.05_tef:0.5
789,3,8,1,40,1.056,35.88,A8inRP10.fourth.m.,inconel:0.8_s316:0.05_tef:0.5
790,3,8,1,40,1.164,35.88,A8inRP11,inconel:0.8_s316:0.05_tef:0.5
791,3,8,8,175,9.42,34.98,4inch1,s316:1.5_s316:0.1_tef:0.5
792,3,8,8,175,8.3,34.98,__,s316:1.5_s316:0.1_tef:0.5
793,3,8,7,40,7.96,21.57,n,s316:1.5_s316:0.1_s316:0.5_tef:0.5
794,3,8,7,40,6.09,39.1,n,s316:1.5_s316:0.1_s316:0.5_tef:0.5
795,3,8,7,40,6.22,39.1,n,s316:1.5_s316:0.1_s316:0.5_tef:0.5
796,3,8,7,40,6.15,39.1,n,s316:1.5_s316:0.1_s316:0.5_tef:0.5
797,3,8,7,40,7.92,39.1,n,s316:1.5_s316:0.1_s316:0.5_tef:0.5
798,3,8,7,40,7.6,39.1,n,s316:1.5_s316:0.1_s316:0.5_tef:0.5
799,3,8,7,40,7.15,39.1,n,s316:1.5_s316:0.1_s316:0.5_tef:0.5
800,3,8,7,40,8.28,39.1,n,s316:1.5_s316:0.1_s316:0.5_tef:0.5
801,3,8,7,40,9,39.1,n,s316:1.5_s316:0.1_s316:0.5_tef:0.5
802,3,8,7,40,6.24,39.1,n,s316:1.5_s316:0.1_s316:0.5_tef:0.5
803,3,8,7,40,8.58,39.1,n,s316:1.5_s316:0.1_s316:0.5_tef:0.5
804,3,8,7,40,7.31,39.1,n,s316:1.5_s316:0.1_s316:0.5_tef:0.5
805,3,8,7,40,6.9,39.1,n,s316:1.5_s316:0.1_s316:0.5_tef:0.5
806,3,8,13.5,90,10,16.9,n,s316:1.5_s316:0.5_ptfe:0.3
807,3,8,13.5,90,12,39.3,n,s316:1.5_s316:0.5_ptfe:0.3
808,3,8,13.5,90,13.7,39.3,n,s316:1.5_s316:0.5_ptfe:0.3
809,3,8,13.5,90,13.3,39.3,n,s316:1.5_s316:0.5_ptfe:0.3
810,3,8,13.5,90,14,39.3,n,s316:1.5_s316:0.5_ptfe:0.3
811,3,8,13.5,90,11.25,39.3,n,s316:1.5_s316:0.5_ptfe:0.3
812,3,8,13.5,90,9.9,39.3,n,s316:1.5_s316:0.5_ptfe:0.3
813,3,8,13.5,90,9.1,39.3,n,s316:1.5_s316:0.5_ptfe:0.3
814,3,8,13.5,90,13.56,39.3,n,s316:1.5_s316:0.5_ptfe:0.3
815,3,8,13.5,90,11.4,39.3,n,s316:1.5_s316:0.5_ptfe:0.3
816,3,10,22.8,33,8,50,A10inRP7,s316:1.5_s316:0.1_ptfe:0.3
817,3,10,22.8,33,13.8,50,A10inRP8,s316:2.5_s316:0.1_ptfe:0.3
818,3,10,22.8,33,18.13,50,A10inRP9,s316:2.5_s316:0.1_ptfe:0.3
819,3,10,22.8,33,26.5,50,A10inRP10,s316:2.5_s316:0.1_ptfe:0.3
820,3,10,22.8,33,20.54,50,__,s316:3_s316:0.1_ptfe:0.3
821,3,10,22.8,33,16,50,A10inRP11,s316:2.5_s316:0.1_ptfe:0.3
822,3,10,22.8,33,13,50,A10inRP12,s316:2.5_s316:0.1_ptfe:0.3
823,3,10,22.8,33,20.2,50,A10inRP12,s316:2.5_s316:0.1_ptfe:0.3
824,3,10,22.8,33,22.7,50,A10inRP13,s316:2.5_s316:0.1_ptfe:0.3
825,3,10,22.8,33,23.54,50,__,s316:2.5_s316:0.1_ptfe:0.3
826,3,10,22.8,33,22.9,50,__,s316:2.5_s316:0.1_ptfe:0.3
827,3,10,22.8,33,23.26,50,__,s316:2.5_s316:0.1_ptfe:0.3
828,3,10,1.76,40,2.34,49.81,A10inRP1,s316:1.5_inconel:0.1_inconel:1_ptfe:0.3
829,3,10,1.76,40,1.194,49.81,A10inRP,s316:1.5_inconel:0.1_inconel:1_ptfe:0.3
830,3,10,1.76,40,1.92,49.81,__,s316:1.5_inconel:0.1_inconel:1_ptfe:0.3
831,3,10,1.76,40,2,49.81,A10inRP6,s316:1.5_inconel:0.1_inconel:1_ptfe:0.3
832,3,10,1.76,40,1.9,49.81,A10inRP5.S.M,s316:1.5_inconel:0.1_inconel:1_ptfe:0.3
833,3,10,7,40,6.92,39.1,n,s316:1_s316:0.1_s316:0.5_tef:0.5
834,3,10,7,40,6.79,38.62,n,s316:1_s316:0.1_s316:0.5_tef:0.5
835,3,10,7,40,8.5,38.62,n,s316:1_s316:0.1_s316:0.5_tef:0.5
836,3,10,7,40,8.92,38.62,n,s316:1_s316:0.1_s316:0.5_tef:0.5
837,3,10,7,40,9.68,38.62,n,s316:1_s316:0.1_s316:0.5_tef:0.5
838,3,10,7,40,8.03,38.62,n,s316:1_s316:0.1_s316:0.5_tef:0.5
839,3,10,7,40,7.2,38.62,n,s316:1_s316:0.1_s316:0.5_tef:0.5
840,3,10,7,40,7.15,38.62,n,s316:1_s316:0.1_s316:0.5_tef:0.5
841,3,10,7,40,7.92,38.62,n,s316:1_s316:0.1_s316:0.5_tef:0.5
842,3,10,7,40,7.29,38.62,n,s316:1_s316:0.1_s316:0.5_tef:0.5
843,3,10,7,40,7.73,38.62,n,s316:1_s316:0.1_s316:0.5_tef:0.5
844,3,10,4.2,10,3.9,23.36,n,inconel:0.5_s316:0.1_fep:0.5
845,3,10,4.2,10,2.8,54.7,n,inconel:0.5_s316:0.1_fep:0.4
846,3,10,4.2,10,4.25,48.85,n,inconel:0.5_s316:0.1_fep:0.5
847,3,10,4.2,10,4.35,42.9,n,inconel:0.5_s316:0.1_fep:0.5
848,3,10,4.2,10,4.15,45.08,n,inconel:0.5_s316:0.1_fep:0.5
849,3,10,4.2,10,4.3,45.08,n,inconel:0.5_s316:0.1_fep:0.5
850,3,10,4.2,10,3.85,45.08,n,inconel:0.5_s316:0.1_fep:0.5
851,3,10,4.2,10,3.98,45.08,n,inconel:0.5_s316:0.1_fep:0.5
852,3,10,4.2,10,3.95,45.08,n,inconel:0.5_s316:0.1_fep:0.5
853,3,10,4.2,10,3.93,45.08,n,inconel:0.5_s316:0.1_fep:0.5
854,3,10,4.2,10,3.85,45.08,n,inconel:0.5_s316:0.1_fep:0.5
855,3,10,4.2,10,3.95,45.08,n,inconel:0.5_s316:0.1_fep:0.5
856,3,10,4.2,10,5.1,45.08,n,inconel:0.5_s316:0.1_fep:0.81
857,3,10,4.2,10,2.54,45.08,n,inconel:0.5_s316:0.1_fep:0.65
858,3,10,4.2,10,3.05,45.08,n,inconel:0.5_s316:0.1_fep:0.65
859,3,10,4.2,10,4.8,40.6,n,inconel:0.5_s316:0.1_fep:0.81
860,3,10,4.2,10,4.5,38.72,n,inconel:0.5_s316:0.1_fep:0.8
861,3,10,4.2,10,4.23,51.02,n,inconel:0.5_s316:0.1_fep:0.8
862,3,10,4.2,10,4.3,51.02,n,inconel:0.5_s316:0.1_fep:0.8
863,3,10,4.2,10,4.22,51.02,n,inconel:0.5_s316:0.1_fep:0.5
864,3,10,4.2,10,3.05,42.03,n,inconel:0.5_s316:0.1_fep:0.5
865,3,10,4.2,10,3.89,51.13,n,inconel:0.5_s316:0.1_fep:0.5
866,3,10,4.2,10,3.9,51.13,n,inconel:0.5_s316:0.1_fep:0.5
867,3,10,12,53.6,18.5,16.69,n,inconel:1.2_s316:0.1_fep:0.5
868,3,10,12,53.6,11.5,51.78,n,inconel:0.8_s316:0.1_fep:0.4
869,3,10,12,53.6,16.4,51.78,n,inconel:0.8_s316:0.1_fep:0.5
870,3,10,12,53.6,16.7,51.78,n,inconel:0.8_s316:0.1_fep:0.5
871,3,10,12,53.6,14.7,51.78,n,inconel:0.8_s316:0.1_fep:0.5
872,3,10,12,53.6,17.45,51.78,n,inconel:0.8_s316:0.1_fep:0.5
873,3,10,12,53.6,17.02,51.78,n,inconel:0.8_s316:0.1_fep:0.5
874,3,10,12,53.6,16.07,51.78,n,inconel:0.8_s316:0.1_fep:0.5
875,3,10,12,53.6,13.28,51.78,n,inconel:0.8_s316:0.1_fep:0.5
876,3,10,12,53.6,15.7,51.78,n,inconel:0.8_s316:0.1_fep:0.5
877,3,10,12,53.6,11.5,51.78,n,inconel:0.8_s316:0.1_fep:0.5
878,3,10,12,53.6,11.7,51.78,n,inconel:1.2_s316:0.1_fep:0.4
879,3,10,12,41.8,15.5,51.78,n,inconel:1_s316:0.1_fep:0.4
880,3,10,12,41.8,11.97,37.09,n,inconel:1_s316:0.1_fep:0.4
881,3,10,12,41.8,13.5,37.09,n,inconel:1_s316:0.1_fep:0.4
882,3,10,12,41.8,8.8,37.09,n,inconel:1_s316:0.1_fep:0.4
883,3,10,12,41.8,12.43,37.09,n,inconel:1_s316:0.1_fep:0.4
884,3,10,12,41.8,13.24,37.09,n,inconel:1_s316:0.1_fep:0.4
885,3,16,1,52,21.4,37.09,n,inconel:1.2_ inconel:0.5_fep:0.5
886,3,16,1,52,21.5,21.52,n,inconel:1.2_ inconel:0.5_fep:0.5
